{
	"IcoMoonType": "selection",
	"icons": [
		{
			"icon": {
				"paths": [
					"M1024 397.050l-353.78-51.408-158.22-320.582-158.216 320.582-353.784 51.408 256 249.538-60.432 352.352 316.432-166.358 316.432 166.358-60.434-352.352 256.002-249.538zM512 753.498l-0.942 0.496 0.942-570.768 111.736 226.396 249.836 36.304-180.788 176.222 42.678 248.83-223.462-117.48z"
				],
				"attrs": [],
				"tags": [
					"star-half",
					"rate",
					"star"
				],
				"grid": 16
			},
			"attrs": [],
			"properties": {
				"id": 864,
				"order": 57,
				"prevSize": 32,
				"ligatures": "star-half, rate2",
				"name": "star-half",
				"code": 59648
			},
			"setIdx": 7,
			"setId": 0,
			"iconIdx": 216
		}
	],
	"height": 1024,
	"preferences": {
		"showGlyphs": true,
		"showQuickUse": true,
		"showQuickUse2": true,
		"showSVGs": true,
		"fontPref": {
			"prefix": "icon-",
			"metadata": {
				"fontFamily": "icomoon"
			},
			"metrics": {
				"emSize": 1024,
				"baseline": 6.25,
				"whitespace": 50
			},
			"embed": false
		},
		"imagePref": {
			"prefix": "icon-",
			"png": true,
			"useClassSelector": true,
			"color": 16777215,
			"bgColor": 16777215,
			"classSelector": ".icon",
			"columns": 16,
			"margin": 16,
			"height": 40,
			"xaml": false,
			"addBgColor": false,
			"overrideSize": true,
			"pdf": false
		},
		"historySize": 100,
		"showCodes": true
	}
}